variable,bg_level,bg_size,bg_ratio,zfp_level,zfp_size,zfp_ratio,sz_level,sz_size,sz_ratio
FLUT,4,54846290.0,2.006759035114317,16,67976402.0,1.6191396537875011,01,75374452.0,1.46022007562987
LHFLX,4,80101457.0,1.6290573840623148,12,64513411.0,2.0226781994212026,01,264274.0,493.7673399577711
PRECT,3,70162921.0,1.9020580685345183,12,68557296.0,1.9466046327148026,01,47733096.0,2.7958368759487127
TAUX,3,67420587.0,1.9544779252663582,12,66016345.0,1.9960518716993496,01,62774884.0,2.0991205495497214
TS,5,53517915.0,1.757317675772683,20,64785467.0,1.4516832610004957,01,55879679.0,1.6830443496284222
Z500,6,71872257.0,1.2394182779038092,22,67298448.0,1.3236529466474471,01,43096242.0,2.066996676879622
