set,time,ssim_fp,ks_p_value,spatial_rel_error,max_spatial_rel_error,pearson_correlation_coefficient
sz3_ROn0.0001_AODDUST3,0,1.0,0.0,0.0,0.0,-4.159042400716687e-18
sz3_ROn0.0001_AODDUST3,1,1.0,0.0,0.0,0.0,2.8052309942566052e-19
sz3_ROn0.0001_AODDUST3,2,0.9918925649367779,0.0,95.35771122685185,33.41532193947866,0.9999991543212862
