variable,best_alg,best_ratio,best_size,best_level
FLUT,bg,2.006759035114317,109633501.0,4
LHFLX,zfp,2.0226781994212026,130489870.0,12
PRECT,zfp,1.9466046327148026,133010356.0,12
TAUX,zfp,1.9960518716993496,131370044.0,12
TS,bg,1.757317675772683,53517915.0,5
Z500,zfp,1.3236529466474471,67298448.0,22
